epoch,time,train/box_loss,train/cls_loss,train/dfl_loss,metrics/precision(B),metrics/recall(B),metrics/mAP50(B),metrics/mAP50-95(B),val/box_loss,val/cls_loss,val/dfl_loss,lr/pg0,lr/pg1,lr/pg2
1,36.5023,3.09067,7.11589,1.99685,0,0,0,0,2.96171,8.51875,1.57188,1.429e-05,1.429e-05,1.429e-05
2,68.2223,3.02202,8.28957,1.87432,0,0,0,0,2.94214,7.88704,1.55037,4.24456e-05,4.24456e-05,4.24456e-05
3,95.2719,2.76595,5.66045,1.66226,0,0,0,0,2.99424,7.47171,1.54475,7.00353e-05,7.00353e-05,7.00353e-05
1,14.8909,3.09067,7.11589,1.99685,0,0,0,0,2.96171,8.51875,1.57188,1.429e-05,1.429e-05,1.429e-05
2,26.9856,3.02202,8.28957,1.87432,0,0,0,0,2.94214,7.88704,1.55037,4.24456e-05,4.24456e-05,4.24456e-05
1,14.549,3.09067,7.11589,1.99685,0,0,0,0,2.96171,8.51875,1.57188,1.429e-05,1.429e-05,1.429e-05
2,25.594,3.02202,8.28957,1.87432,0,0,0,0,2.94214,7.88704,1.55037,4.24456e-05,4.24456e-05,4.24456e-05
3,36.2945,2.76595,5.66045,1.66226,0,0,0,0,2.99424,7.47171,1.54475,7.00353e-05,7.00353e-05,7.00353e-05
4,46.0372,2.42861,6.24669,1.52694,0.04,0.16667,0.04973,0.01989,2.96877,7.80715,1.5001,9.70591e-05,9.70591e-05,9.70591e-05
5,55.0108,2.76459,5.21126,1.59682,0.28564,0.16667,0.06849,0.03425,2.9182,7.68724,1.4539,0.000123517,0.000123517,0.000123517
6,64.5306,2.54316,3.68131,1.44568,0.44604,0.16667,0.10431,0.04707,2.79508,7.36003,1.38635,0.000149409,0.000149409,0.000149409
7,73.6436,2.76943,3.9093,1.84767,0.46353,0.16667,0.09841,0.04825,2.61294,6.30159,1.2982,0.000174735,0.000174735,0.000174735
8,83.5595,2.27664,3.13563,1.40562,0.45696,0.16667,0.16526,0.07142,2.46468,5.15404,1.25414,0.000199496,0.000199496,0.000199496
9,93.7221,2.20532,2.86738,1.31309,0.4956,0.32893,0.25121,0.10053,2.3949,4.37934,1.25569,0.00022369,0.00022369,0.00022369
10,102.802,2.40543,3.05802,1.60412,0.34001,0.5167,0.3155,0.11053,2.51772,3.78842,1.30293,0.000247318,0.000247318,0.000247318
11,111.418,2.40228,3.26764,1.49907,0.35064,0.66667,0.41679,0.18332,2.48086,3.01474,1.2919,0.000270381,0.000270381,0.000270381
12,120.311,2.45207,2.8901,1.40148,0.35064,0.66667,0.41679,0.18332,2.48086,3.01474,1.2919,0.000292878,0.000292878,0.000292878
13,129.599,1.88903,2.53878,1.30544,0.37739,0.66667,0.41723,0.19341,2.48631,2.98572,1.28267,0.000314809,0.000314809,0.000314809
14,138.539,1.93504,2.41255,1.30919,0.35941,0.33333,0.3766,0.13892,2.42488,3.87682,1.27955,0.000336174,0.000336174,0.000336174
15,147.47,1.74823,2.17671,1.27629,0.35941,0.33333,0.3766,0.13892,2.42488,3.87682,1.27955,0.000356973,0.000356973,0.000356973
16,156.395,2.03604,2.4478,1.25668,0.23392,0.5,0.30257,0.14623,2.63138,3.22939,1.37038,0.000377206,0.000377206,0.000377206
17,165.317,2.04497,1.94887,1.25326,0.26008,0.66667,0.3001,0.13955,2.46673,2.78574,1.31409,0.000396873,0.000396873,0.000396873
18,173.639,1.95299,2.05512,1.20642,0.26008,0.66667,0.3001,0.13955,2.46673,2.78574,1.31409,0.000415975,0.000415975,0.000415975
19,182.535,2.08441,2.4121,1.18227,0.73821,0.16667,0.2832,0.12873,2.10278,2.99046,1.23658,0.00043451,0.00043451,0.00043451
20,191.583,1.98831,1.7856,1.27731,0.73821,0.16667,0.2832,0.12873,2.10278,2.99046,1.23658,0.00045248,0.00045248,0.00045248
21,200.692,1.87741,1.87904,1.2324,0.24126,0.66667,0.35224,0.16109,2.19048,2.91104,1.25022,0.000469884,0.000469884,0.000469884
22,210.351,2.02182,1.87228,1.31128,0.24126,0.66667,0.35224,0.16109,2.19048,2.91104,1.25022,0.000486722,0.000486722,0.000486722
23,219.579,1.93288,2.14233,1.19685,0.3221,0.63578,0.34949,0.15473,2.06285,2.41486,1.20232,0.000502994,0.000502994,0.000502994
24,228.278,1.79362,1.74719,1.12501,0.3221,0.63578,0.34949,0.15473,2.06285,2.41486,1.20232,0.0005187,0.0005187,0.0005187
25,238.703,1.96575,1.7568,1.2712,0.29299,0.5,0.31972,0.12846,2.11838,2.32247,1.20825,0.00053384,0.00053384,0.00053384
26,247.835,1.83105,1.87421,1.2521,0.29299,0.5,0.31972,0.12846,2.11838,2.32247,1.20825,0.000548414,0.000548414,0.000548414
27,259.906,2.05781,1.94783,1.3727,0.29299,0.5,0.31972,0.12846,2.11838,2.32247,1.20825,0.000562423,0.000562423,0.000562423
28,271.522,1.78062,1.64662,1.22258,1,0.31749,0.46025,0.244,2.18671,1.86214,1.17676,0.000575866,0.000575866,0.000575866
29,283.704,1.84769,1.45826,1.14613,1,0.31749,0.46025,0.244,2.18671,1.86214,1.17676,0.000588742,0.000588742,0.000588742
30,296.756,1.73689,1.4021,1.21669,0.47363,0.5,0.39674,0.20103,1.90984,1.86173,1.14481,0.000601053,0.000601053,0.000601053
31,311.745,1.79312,2.03092,1.32644,0.47363,0.5,0.39674,0.20103,1.90984,1.86173,1.14481,0.000612798,0.000612798,0.000612798
32,326.636,1.79493,1.72207,1.36112,0.47363,0.5,0.39674,0.20103,1.90984,1.86173,1.14481,0.000623977,0.000623977,0.000623977
33,341.834,2.07162,2.0711,1.23439,0.74689,0.49378,0.49231,0.2215,2.07645,1.9755,1.15303,0.00063459,0.00063459,0.00063459
34,355.072,1.93049,1.83552,1.26721,0.74689,0.49378,0.49231,0.2215,2.07645,1.9755,1.15303,0.000644638,0.000644638,0.000644638
35,366.743,1.64253,1.5691,1.14152,0.74689,0.49378,0.49231,0.2215,2.07645,1.9755,1.15303,0.000654119,0.000654119,0.000654119
36,376.822,1.87276,1.83604,1.22384,0.74754,0.49507,0.45505,0.18691,2.38759,2.00417,1.20341,0.000663035,0.000663035,0.000663035
37,387.39,1.94129,1.65007,1.29983,0.74754,0.49507,0.45505,0.18691,2.38759,2.00417,1.20341,0.000671384,0.000671384,0.000671384
38,396.507,1.92218,1.4159,1.40813,0.74754,0.49507,0.45505,0.18691,2.38759,2.00417,1.20341,0.000679168,0.000679168,0.000679168
39,406.065,1.72615,1.46584,1.14859,0.96567,0.33333,0.44667,0.16584,2.67517,1.92004,1.26673,0.000686386,0.000686386,0.000686386
40,416.605,1.78496,1.42114,1.17551,0.96567,0.33333,0.44667,0.16584,2.67517,1.92004,1.26673,0.000693038,0.000693038,0.000693038
41,428.516,1.91364,1.57771,1.38291,0.96567,0.33333,0.44667,0.16584,2.67517,1.92004,1.26673,0.000699124,0.000699124,0.000699124
42,439.73,1.65373,1.70797,1.17784,0.96651,0.33333,0.42828,0.1362,2.80685,2.03407,1.30258,0.000704644,0.000704644,0.000704644
43,456.129,2.16004,1.42391,1.25655,0.96651,0.33333,0.42828,0.1362,2.80685,2.03407,1.30258,0.000709599,0.000709599,0.000709599
44,478.676,1.57507,1.33948,1.16091,0.96651,0.33333,0.42828,0.1362,2.80685,2.03407,1.30258,0.000713987,0.000713987,0.000713987
45,507.049,1.90231,1.39772,1.3201,0.96651,0.33333,0.42828,0.1362,2.80685,2.03407,1.30258,0.00071781,0.00071781,0.00071781
46,534.908,1.84963,1.62083,1.17786,0.9833,0.5,0.58054,0.18916,2.69894,1.62984,1.32095,0.000721066,0.000721066,0.000721066
47,567.704,1.72667,1.32589,1.17305,0.9833,0.5,0.58054,0.18916,2.69894,1.62984,1.32095,0.000723757,0.000723757,0.000723757
48,602.198,1.78436,1.34243,1.1749,0.9833,0.5,0.58054,0.18916,2.69894,1.62984,1.32095,0.000725882,0.000725882,0.000725882
1,12.0639,3.09067,7.11589,1.99685,0,0,0,0,2.96171,8.51875,1.57188,1.429e-05,1.429e-05,1.429e-05
2,23.0564,3.02202,8.28957,1.87432,0,0,0,0,2.94214,7.88704,1.55037,4.24456e-05,4.24456e-05,4.24456e-05
3,35.1377,2.76595,5.66045,1.66226,0,0,0,0,2.99424,7.47171,1.54475,7.00353e-05,7.00353e-05,7.00353e-05
4,47.0917,2.42861,6.24669,1.52694,0.04,0.16667,0.04973,0.01989,2.96877,7.80715,1.5001,9.70591e-05,9.70591e-05,9.70591e-05
5,56.2674,2.76459,5.21126,1.59682,0.28564,0.16667,0.06849,0.03425,2.9182,7.68724,1.4539,0.000123517,0.000123517,0.000123517
6,65.0914,2.54316,3.68131,1.44568,0.44604,0.16667,0.10431,0.04707,2.79508,7.36003,1.38635,0.000149409,0.000149409,0.000149409
7,73.8332,2.76943,3.9093,1.84767,0.46353,0.16667,0.09841,0.04825,2.61294,6.30159,1.2982,0.000174735,0.000174735,0.000174735
8,82.8223,2.27664,3.13563,1.40562,0.45696,0.16667,0.16526,0.07142,2.46468,5.15404,1.25414,0.000199496,0.000199496,0.000199496
9,95.1007,2.20532,2.86738,1.31309,0.4956,0.32893,0.25121,0.10053,2.3949,4.37934,1.25569,0.00022369,0.00022369,0.00022369
10,105.964,2.40543,3.05802,1.60412,0.34001,0.5167,0.3155,0.11053,2.51772,3.78842,1.30293,0.000247318,0.000247318,0.000247318
11,116.401,2.40228,3.26764,1.49907,0.35064,0.66667,0.41679,0.18332,2.48086,3.01474,1.2919,0.000270381,0.000270381,0.000270381
12,126.982,2.45207,2.8901,1.40148,0.35064,0.66667,0.41679,0.18332,2.48086,3.01474,1.2919,0.000292878,0.000292878,0.000292878
13,138.385,1.88903,2.53878,1.30544,0.37739,0.66667,0.41723,0.19341,2.48631,2.98572,1.28267,0.000314809,0.000314809,0.000314809
14,148.198,1.93504,2.41255,1.30919,0.35941,0.33333,0.3766,0.13892,2.42488,3.87682,1.27955,0.000336174,0.000336174,0.000336174
15,158.823,1.74823,2.17671,1.27629,0.35941,0.33333,0.3766,0.13892,2.42488,3.87682,1.27955,0.000356973,0.000356973,0.000356973
16,168.942,2.03604,2.4478,1.25668,0.23392,0.5,0.30257,0.14623,2.63138,3.22939,1.37038,0.000377206,0.000377206,0.000377206
17,180.303,2.04497,1.94887,1.25326,0.26008,0.66667,0.3001,0.13955,2.46673,2.78574,1.31409,0.000396873,0.000396873,0.000396873
18,190.935,1.95299,2.05512,1.20642,0.26008,0.66667,0.3001,0.13955,2.46673,2.78574,1.31409,0.000415975,0.000415975,0.000415975
19,201.602,2.08441,2.4121,1.18227,0.73821,0.16667,0.2832,0.12873,2.10278,2.99046,1.23658,0.00043451,0.00043451,0.00043451
20,210.686,1.98831,1.7856,1.27731,0.73821,0.16667,0.2832,0.12873,2.10278,2.99046,1.23658,0.00045248,0.00045248,0.00045248
21,221.563,1.87741,1.87904,1.2324,0.24126,0.66667,0.35224,0.16109,2.19048,2.91104,1.25022,0.000469884,0.000469884,0.000469884
22,234.368,2.02182,1.87228,1.31128,0.24126,0.66667,0.35224,0.16109,2.19048,2.91104,1.25022,0.000486722,0.000486722,0.000486722
23,244.707,1.93288,2.14233,1.19685,0.3221,0.63578,0.34949,0.15473,2.06285,2.41486,1.20232,0.000502994,0.000502994,0.000502994
24,255.371,1.79362,1.74719,1.12501,0.3221,0.63578,0.34949,0.15473,2.06285,2.41486,1.20232,0.0005187,0.0005187,0.0005187
25,266.668,1.96575,1.7568,1.2712,0.29299,0.5,0.31972,0.12846,2.11838,2.32247,1.20825,0.00053384,0.00053384,0.00053384
26,280.675,1.83105,1.87421,1.2521,0.29299,0.5,0.31972,0.12846,2.11838,2.32247,1.20825,0.000548414,0.000548414,0.000548414
27,297.697,2.05781,1.94783,1.3727,0.29299,0.5,0.31972,0.12846,2.11838,2.32247,1.20825,0.000562423,0.000562423,0.000562423
28,309.98,1.78062,1.64662,1.22258,1,0.31749,0.46025,0.244,2.18671,1.86214,1.17676,0.000575866,0.000575866,0.000575866
29,321.534,1.84769,1.45826,1.14613,1,0.31749,0.46025,0.244,2.18671,1.86214,1.17676,0.000588742,0.000588742,0.000588742
30,332.276,1.73689,1.4021,1.21669,0.47363,0.5,0.39674,0.20103,1.90984,1.86173,1.14481,0.000601053,0.000601053,0.000601053
31,342.251,1.79312,2.03092,1.32644,0.47363,0.5,0.39674,0.20103,1.90984,1.86173,1.14481,0.000612798,0.000612798,0.000612798
32,351.265,1.79493,1.72207,1.36112,0.47363,0.5,0.39674,0.20103,1.90984,1.86173,1.14481,0.000623977,0.000623977,0.000623977
33,360.718,2.07162,2.0711,1.23439,0.74689,0.49378,0.49231,0.2215,2.07645,1.9755,1.15303,0.00063459,0.00063459,0.00063459
34,370.028,1.93049,1.83552,1.26721,0.74689,0.49378,0.49231,0.2215,2.07645,1.9755,1.15303,0.000644638,0.000644638,0.000644638
35,380.513,1.64253,1.5691,1.14152,0.74689,0.49378,0.49231,0.2215,2.07645,1.9755,1.15303,0.000654119,0.000654119,0.000654119
36,389.41,1.87276,1.83604,1.22384,0.74754,0.49507,0.45505,0.18691,2.38759,2.00417,1.20341,0.000663035,0.000663035,0.000663035
37,398.359,1.94129,1.65007,1.29983,0.74754,0.49507,0.45505,0.18691,2.38759,2.00417,1.20341,0.000671384,0.000671384,0.000671384
38,406.994,1.92218,1.4159,1.40813,0.74754,0.49507,0.45505,0.18691,2.38759,2.00417,1.20341,0.000679168,0.000679168,0.000679168
39,417.23,1.72615,1.46584,1.14859,0.96567,0.33333,0.44667,0.16584,2.67517,1.92004,1.26673,0.000686386,0.000686386,0.000686386
40,425.935,1.78496,1.42114,1.17551,0.96567,0.33333,0.44667,0.16584,2.67517,1.92004,1.26673,0.000693038,0.000693038,0.000693038
41,436.124,1.91364,1.57771,1.38291,0.96567,0.33333,0.44667,0.16584,2.67517,1.92004,1.26673,0.000699124,0.000699124,0.000699124
42,444.746,1.65373,1.70797,1.17784,0.96651,0.33333,0.42828,0.1362,2.80685,2.03407,1.30258,0.000704644,0.000704644,0.000704644
43,453.881,2.16004,1.42391,1.25655,0.96651,0.33333,0.42828,0.1362,2.80685,2.03407,1.30258,0.000709599,0.000709599,0.000709599
44,463.03,1.57507,1.33948,1.16091,0.96651,0.33333,0.42828,0.1362,2.80685,2.03407,1.30258,0.000713987,0.000713987,0.000713987
45,471.577,1.90231,1.39772,1.3201,0.96651,0.33333,0.42828,0.1362,2.80685,2.03407,1.30258,0.00071781,0.00071781,0.00071781
46,480.593,1.84963,1.62083,1.17786,0.9833,0.5,0.58054,0.18916,2.69894,1.62984,1.32095,0.000721066,0.000721066,0.000721066
47,489.584,1.72667,1.32589,1.17305,0.9833,0.5,0.58054,0.18916,2.69894,1.62984,1.32095,0.000723757,0.000723757,0.000723757
48,499.09,1.78436,1.34243,1.1749,0.9833,0.5,0.58054,0.18916,2.69894,1.62984,1.32095,0.000725882,0.000725882,0.000725882
1,11.1601,3.09067,7.11589,1.99685,0,0,0,0,2.96171,8.51875,1.57188,1.429e-05,1.429e-05,1.429e-05
2,20.9461,3.02499,8.29815,1.87574,0,0,0,0,2.94198,7.91243,1.5507,4.07479e-05,4.07479e-05,4.07479e-05
3,30.1705,2.76427,5.69848,1.66071,0,0,0,0,2.98266,7.47828,1.54429,6.43764e-05,6.43764e-05,6.43764e-05
4,39.1246,2.4637,6.31,1.5293,0.03125,0.16667,0.0337,0.01348,2.95397,7.60901,1.50507,8.51755e-05,8.51755e-05,8.51755e-05
5,48.3108,2.76087,5.3491,1.65672,0.28762,0.16667,0.07173,0.03115,2.90411,7.24439,1.465,0.000103145,0.000103145,0.000103145
6,57.6621,2.51899,3.76796,1.45763,0.31081,0.16667,0.07889,0.0353,2.69198,7.18454,1.37048,0.000118285,0.000118285,0.000118285
7,67.7054,2.79745,4.06647,1.88006,0.3968,0.16667,0.10465,0.0482,2.50667,6.47932,1.28762,0.000130596,0.000130596,0.000130596
8,77.5434,2.24432,3.19214,1.37031,0.4783,0.16667,0.20077,0.09444,2.42156,5.55164,1.23837,0.000140078,0.000140078,0.000140078
9,86.4569,2.19261,2.79204,1.33167,0.82807,0.16667,0.28087,0.10814,2.37108,4.66857,1.21905,0.00014673,0.00014673,0.00014673
10,95.1437,2.42688,3.22863,1.56408,0.3207,0.5,0.32781,0.11063,2.32849,4.09734,1.22066,0.000150552,0.000150552,0.000150552
11,104.846,2.675,4.03853,1.61278,0.20631,0.33333,0.31118,0.13962,2.36947,3.71913,1.23683,0.000151545,0.000151545,0.000151545
12,116.798,2.42367,3.87944,1.42461,0.20631,0.33333,0.31118,0.13962,2.36947,3.71913,1.23683,0.000149709,0.000149709,0.000149709
13,126.343,2.3933,4.24812,1.49472,0.48066,0.33333,0.31326,0.13903,2.41691,3.36706,1.24694,0.000145044,0.000145044,0.000145044
14,135.789,2.34893,4.33891,1.49269,0.19496,0.16667,0.10216,0.04636,2.61617,3.20829,1.26803,0.000137548,0.000137548,0.000137548
15,144.368,2.12464,3.71129,1.44299,0.19496,0.16667,0.10216,0.04636,2.61617,3.20829,1.26803,0.000127224,0.000127224,0.000127224
16,152.916,2.23422,3.69147,1.46993,0.27136,0.16667,0.11099,0.05529,2.61019,3.00723,1.27947,0.00011407,0.00011407,0.00011407
17,161.795,1.85189,3.80107,1.37641,0.29563,0.16667,0.12387,0.05061,2.60304,2.80923,1.27805,9.80866e-05,9.80866e-05,9.80866e-05
18,171.638,1.97847,3.76365,1.22949,0.29563,0.16667,0.12387,0.05061,2.60304,2.80923,1.27805,7.92738e-05,7.92738e-05,7.92738e-05
19,180.845,2.08521,2.91242,1.27121,0.35994,0.16667,0.15368,0.06846,2.76891,2.6901,1.34287,5.76316e-05,5.76316e-05,5.76316e-05
20,189.838,2.19318,3.45595,1.33177,0.35994,0.16667,0.15368,0.06846,2.76891,2.6901,1.34287,3.31599e-05,3.31599e-05,3.31599e-05
1,10.8906,3.09067,7.11589,1.99685,0,0,0,0,2.96171,8.51875,1.57188,1.429e-05,1.429e-05,1.429e-05
2,19.7289,3.02499,8.29815,1.87574,0,0,0,0,2.94198,7.91243,1.5507,4.07479e-05,4.07479e-05,4.07479e-05
3,30.9989,2.76427,5.69848,1.66071,0,0,0,0,2.98266,7.47828,1.54429,6.43764e-05,6.43764e-05,6.43764e-05
4,42.2431,2.4637,6.31,1.5293,0.03125,0.16667,0.0337,0.01348,2.95397,7.60901,1.50507,8.51755e-05,8.51755e-05,8.51755e-05
5,51.5999,2.76087,5.3491,1.65672,0.28762,0.16667,0.07173,0.03115,2.90411,7.24439,1.465,0.000103145,0.000103145,0.000103145
6,67.8405,2.51899,3.76796,1.45763,0.31081,0.16667,0.07889,0.0353,2.69198,7.18454,1.37048,0.000118285,0.000118285,0.000118285
7,80.1802,2.79745,4.06647,1.88006,0.3968,0.16667,0.10465,0.0482,2.50667,6.47932,1.28762,0.000130596,0.000130596,0.000130596
8,93.4185,2.24432,3.19214,1.37031,0.4783,0.16667,0.20077,0.09444,2.42156,5.55164,1.23837,0.000140078,0.000140078,0.000140078
9,103.403,2.19261,2.79204,1.33167,0.82807,0.16667,0.28087,0.10814,2.37108,4.66857,1.21905,0.00014673,0.00014673,0.00014673
10,115.82,2.42688,3.22863,1.56408,0.3207,0.5,0.32781,0.11063,2.32849,4.09734,1.22066,0.000150552,0.000150552,0.000150552
11,127.035,2.675,4.03853,1.61278,0.20631,0.33333,0.31118,0.13962,2.36947,3.71913,1.23683,0.000151545,0.000151545,0.000151545
12,137.706,2.42367,3.87944,1.42461,0.20631,0.33333,0.31118,0.13962,2.36947,3.71913,1.23683,0.000149709,0.000149709,0.000149709
13,149.218,2.3933,4.24812,1.49472,0.48066,0.33333,0.31326,0.13903,2.41691,3.36706,1.24694,0.000145044,0.000145044,0.000145044
14,158.984,2.34893,4.33891,1.49269,0.19496,0.16667,0.10216,0.04636,2.61617,3.20829,1.26803,0.000137548,0.000137548,0.000137548
15,169.872,2.12464,3.71129,1.44299,0.19496,0.16667,0.10216,0.04636,2.61617,3.20829,1.26803,0.000127224,0.000127224,0.000127224
16,179.801,2.23422,3.69147,1.46993,0.27136,0.16667,0.11099,0.05529,2.61019,3.00723,1.27947,0.00011407,0.00011407,0.00011407
17,192.015,1.85189,3.80107,1.37641,0.29563,0.16667,0.12387,0.05061,2.60304,2.80923,1.27805,9.80866e-05,9.80866e-05,9.80866e-05
18,202.772,1.97847,3.76365,1.22949,0.29563,0.16667,0.12387,0.05061,2.60304,2.80923,1.27805,7.92738e-05,7.92738e-05,7.92738e-05
19,213.873,2.08521,2.91242,1.27121,0.35994,0.16667,0.15368,0.06846,2.76891,2.6901,1.34287,5.76316e-05,5.76316e-05,5.76316e-05
20,223.602,2.19318,3.45595,1.33177,0.35994,0.16667,0.15368,0.06846,2.76891,2.6901,1.34287,3.31599e-05,3.31599e-05,3.31599e-05
